radius_cm,g_r
0.25,16.96
0.5,3.91
0.75,1.679
1,0.908
1.5,0.367
2,0.1856
3,0.0644
4,0.0276
5,0.01324
6,0.00686
7,0.00373
8,0.00211
9,0.001228
10,0.000727
